seed,episode,soups,sampled_roles,teacher_roles,evolving_roles,static_roles
0,0,0.0,1-0-0,1-0-0,1-0-1,0-0-1
0,1,0.0,2-0-1,2-0-1,1-0-1,0-0-1
0,2,3.0,2-0-2,2-0-2,1-0-1,0-0-1
0,3,4.0,2-2-0,2-2-0,2-0-1,0-0-1
0,4,0.0,0-0-1,0-0-1,2-0-1,0-0-1
0,5,4.0,2-1-2,2-1-2,2-0-1,0-0-1
0,6,6.0,1-2-0,1-2-0,2-0-0,0-0-1
0,7,4.0,1-2-1,1-2-1,2-0-1,0-0-1
0,8,3.0,0-2-2,0-2-2,2-0-1,0-0-1
0,9,0.0,1-0-1,1-0-0,2-0-1,0-0-1
0,10,4.0,2-1-1,1-2-0,2-0-0,0-0-1
0,11,0.0,1-2-1,1-0-0,2-0-0,0-0-1
0,12,3.0,2-0-2,2-0-2,1-0-0,0-0-1
0,13,4.0,0-2-2,0-2-2,1-0-0,0-0-1
0,14,0.0,0-0-1,2-2-0,2-0-0,0-0-1
0,15,0.0,0-2-2,2-2-0,2-0-0,0-0-1
0,16,0.0,1-1-0,0-2-2,1-0-0,0-0-1
0,17,0.0,0-1-0,2-1-2,1-0-0,0-0-1
0,18,0.0,1-1-0,2-2-0,2-0-0,0-0-1
0,19,0.0,1-1-0,1-2-0,2-2-0,0-0-1
0,20,0.0,0-2-0,1-2-0,2-2-0,0-0-1
0,21,4.0,2-0-0,2-0-0,2-2-0,0-0-1
0,22,0.0,0-1-0,2-2-0,2-2-0,0-0-1
0,23,0.0,0-1-2,1-2-1,2-2-0,0-0-1
0,24,3.0,1-2-2,2-1-2,2-2-0,0-0-1
0,25,0.0,2-2-2,1-2-1,2-2-0,0-0-1
0,26,0.0,1-1-2,1-2-0,2-2-0,0-0-1
0,27,0.0,2-0-0,2-1-2,2-2-0,0-0-1
0,28,1.0,0-2-0,2-2-0,2-2-0,0-0-1
0,29,3.0,2-2-0,1-2-0,2-2-0,0-0-1
0,30,0.0,2-2-2,2-1-2,2-2-0,0-0-1
0,31,0.0,1-0-0,2-0-0,2-2-0,0-0-1
0,32,6.0,0-2-1,0-2-1,2-2-0,0-0-1
0,33,1.0,0-0-2,1-2-0,2-2-0,0-0-1
0,34,0.0,0-1-1,2-1-2,2-2-0,0-0-1
0,35,6.0,1-0-2,1-0-2,2-2-0,0-0-1
0,36,3.0,2-1-2,1-2-1,2-2-0,0-0-1
0,37,4.0,2-0-0,1-2-0,2-2-0,0-0-1
0,38,4.0,0-2-2,1-0-2,2-2-0,0-0-1
0,39,6.0,2-1-0,2-1-0,2-2-0,0-0-1
0,40,0.0,1-0-0,1-2-1,2-2-0,0-0-1
0,41,0.0,2-0-0,0-2-2,1-2-0,0-0-1
0,42,4.0,2-0-2,1-2-0,1-2-0,0-0-1
0,43,4.0,1-2-2,2-1-0,1-2-0,0-0-1
0,44,4.0,1-2-2,1-2-1,1-2-0,0-0-1
0,45,0.0,1-0-2,0-2-2,1-2-0,0-0-1
0,46,0.0,1-0-1,2-1-0,1-2-0,0-0-1
0,47,6.0,1-0-2,1-0-2,1-2-0,0-0-1
0,48,0.0,1-1-0,1-0-2,1-2-0,0-0-1
0,49,4.0,2-1-2,2-1-0,1-2-0,0-0-1
0,50,0.0,0-1-1,0-2-2,1-2-0,0-0-1
0,51,0.0,2-2-2,0-2-1,1-2-0,0-0-1
0,52,0.0,0-1-0,1-0-2,1-2-0,0-0-1
0,53,0.0,1-0-0,1-2-0,1-2-2,0-0-1
0,54,6.0,2-0-1,2-0-1,1-2-0,0-0-1
0,55,4.0,1-2-2,0-2-1,1-2-0,0-0-1
0,56,0.0,0-1-0,1-2-0,1-2-2,0-0-1
0,57,0.0,0-1-0,2-0-1,1-2-0,0-0-1
0,58,6.0,0-1-2,0-1-2,1-2-2,0-0-1
0,59,4.0,2-0-0,0-2-1,1-2-0,0-0-1
0,60,0.0,2-2-2,0-2-2,1-2-2,0-0-1
0,61,4.0,2-0-0,1-0-2,1-2-2,0-0-1
0,62,0.0,0-1-1,0-1-2,1-2-2,0-0-1
0,63,4.0,2-1-2,0-2-2,1-2-2,0-0-1
0,64,4.0,2-2-1,1-0-2,1-2-2,0-0-1
0,65,4.0,1-1-2,0-2-2,1-2-2,0-0-1
0,66,0.0,2-2-2,2-0-1,1-2-2,0-0-1
0,67,4.0,1-1-2,0-2-1,1-2-2,0-0-1
0,68,6.0,2-0-1,1-0-2,1-2-2,0-0-1
0,69,0.0,1-0-1,0-1-2,1-2-2,0-0-1
0,70,0.0,0-1-1,2-0-1,1-2-2,0-0-1
0,71,6.0,2-0-1,1-0-2,1-2-2,0-0-1
0,72,4.0,2-1-1,0-2-1,1-2-2,0-0-1
0,73,0.0,1-1-0,1-0-2,1-2-2,0-0-1
0,74,0.0,0-2-2,0-1-2,0-2-2,0-0-1
0,75,0.0,1-1-1,0-2-2,0-2-2,0-0-1
0,76,0.0,0-1-0,0-2-2,0-2-2,0-0-1
0,77,3.0,1-2-2,0-2-2,0-2-2,0-0-1
0,78,0.0,0-0-0,0-2-1,0-2-2,0-0-1
0,79,6.0,1-2-0,1-2-0,0-2-2,0-0-1
0,80,0.0,0-0-0,0-2-2,0-2-2,0-0-1
0,81,6.0,2-1-0,1-0-2,0-2-2,0-0-1
0,82,0.0,1-1-1,1-2-0,0-2-2,0-0-1
0,83,6.0,2-1-0,2-1-0,0-2-2,0-0-1
0,84,0.0,2-0-2,1-0-2,0-2-2,0-0-1
0,85,6.0,1-0-2,0-2-1,0-2-2,0-0-1
0,86,0.0,0-2-1,1-2-0,0-2-2,0-0-1
0,87,3.0,2-2-1,0-2-1,0-2-2,0-0-1
0,88,3.0,0-2-2,1-0-2,0-2-2,0-0-1
0,89,0.0,2-0-2,1-2-0,0-2-2,0-0-1
0,90,0.0,0-1-1,0-2-1,0-2-2,0-0-1
0,91,6.0,1-2-0,0-2-1,0-2-2,0-0-1
0,92,0.0,2-2-0,2-1-0,0-2-2,0-0-1
0,93,6.0,0-1-2,0-1-2,0-2-2,0-0-1
0,94,0.0,0-0-0,0-1-2,0-2-2,0-0-1
0,95,6.0,0-2-1,0-1-2,0-2-2,0-0-1
0,96,2.0,0-0-2,0-1-2,0-2-2,0-0-1
0,97,4.0,2-2-0,1-2-0,0-2-1,0-0-1
0,98,4.0,1-1-2,1-0-2,0-2-2,0-0-1
0,99,6.0,2-0-1,0-1-2,0-2-2,0-0-1
0,100,4.0,1-1-2,1-2-0,0-2-1,0-0-1
0,101,6.0,1-0-2,0-1-2,0-2-2,0-0-1
0,102,0.0,1-1-0,1-2-0,0-2-1,0-0-1
0,103,6.0,0-2-1,0-2-1,0-2-2,0-0-1
0,104,0.0,1-2-1,0-2-1,0-2-1,0-0-1
0,105,4.0,2-2-1,0-2-1,0-2-2,0-0-1
0,106,1.0,0-0-2,0-2-1,0-2-2,0-0-1
0,107,0.0,0-0-2,1-2-0,0-2-1,0-0-1
0,108,0.0,1-1-1,0-2-1,0-2-1,0-0-1
0,109,4.0,2-0-2,1-0-2,0-2-2,0-0-1
0,110,0.0,1-1-1,1-0-2,0-2-2,0-0-1
0,111,4.0,1-2-1,1-2-0,0-2-1,0-0-1
0,112,4.0,2-1-1,0-1-2,0-2-2,0-0-1
0,113,3.0,0-2-0,1-2-0,0-2-1,0-0-1
0,114,6.0,0-1-2,0-1-2,0-2-1,0-0-1
0,115,0.0,0-0-0,1-0-2,0-2-2,0-0-1
0,116,6.0,0-1-2,0-1-2,0-2-2,0-0-1
0,117,0.0,1-0-0,0-1-2,0-2-1,0-0-1
0,118,4.0,1-2-2,0-1-2,0-2-2,0-0-1
0,119,6.0,0-2-1,0-2-1,0-2-2,0-0-1
0,120,0.0,1-1-1,0-1-2,0-2-2,0-0-1
0,121,6.0,2-1-0,0-1-2,0-2-1,0-0-1
0,122,0.0,0-0-1,0-1-2,0-2-2,0-0-1
0,123,0.0,0-0-0,1-2-0,0-2-2,0-0-1
0,124,0.0,0-2-0,0-2-1,0-2-2,0-0-1
0,125,4.0,2-1-2,0-1-2,0-2-2,0-0-1
0,126,0.0,2-1-0,0-1-2,0-2-2,0-0-1
0,127,0.0,0-0-2,0-1-2,0-2-2,0-0-1
0,128,6.0,0-1-2,0-1-2,0-2-2,0-0-1
0,129,4.0,1-2-1,0-1-2,0-2-2,0-0-1
0,130,2.0,0-2-0,0-1-2,0-1-2,0-0-1
0,131,0.0,0-0-1,0-1-2,0-1-2,0-0-1
0,132,6.0,1-2-0,0-2-1,0-1-2,0-0-1
0,133,4.0,2-2-1,0-1-2,0-1-2,0-0-1
0,134,0.0,0-1-1,0-2-1,0-1-2,0-0-1
0,135,0.0,1-1-2,0-1-2,0-1-2,0-0-1
0,136,0.0,1-1-1,0-1-2,0-1-2,0-0-1
0,137,0.0,1-0-1,0-1-2,0-1-2,0-0-1
0,138,3.0,2-2-1,0-1-2,0-1-2,0-0-1
0,139,6.0,1-0-2,0-1-2,0-1-2,0-0-1
0,140,0.0,0-1-1,0-1-2,0-1-2,0-0-1
0,141,0.0,2-2-2,0-1-2,0-1-2,0-0-1
0,142,0.0,1-2-0,0-1-2,0-1-2,0-0-1
0,143,4.0,1-2-2,0-1-2,0-1-2,0-0-1
0,144,0.0,1-0-1,0-2-1,0-1-2,0-0-1
0,145,6.0,2-1-0,0-2-1,0-1-2,0-0-1
0,146,1.0,0-2-0,0-1-2,0-1-2,0-0-1
0,147,3.0,2-1-2,0-1-2,0-1-2,0-0-1
0,148,0.0,2-1-1,0-2-1,0-1-2,0-0-1
0,149,6.0,0-1-2,0-1-2,0-1-2,0-0-1
0,150,2.0,0-2-0,0-1-2,0-1-2,0-0-1
0,151,0.0,0-0-1,0-1-2,0-1-2,0-0-1
0,152,0.0,0-0-1,0-2-1,0-1-2,0-0-1
0,153,0.0,2-2-0,0-2-1,0-1-2,0-0-1
0,154,0.0,2-1-1,0-1-2,0-1-2,0-0-1
0,155,3.0,2-2-0,0-1-2,0-1-2,0-0-1
0,156,6.0,1-2-0,0-1-2,0-1-2,0-0-1
0,157,4.0,2-1-1,0-1-2,0-1-2,0-0-1
0,158,6.0,2-0-1,0-1-2,0-1-2,0-0-1
0,159,2.0,0-0-2,0-2-1,0-1-2,0-0-1
0,160,0.0,0-0-1,0-1-2,0-1-2,0-0-1
0,161,4.0,2-2-1,0-1-2,0-1-2,0-0-1
0,162,6.0,0-1-2,0-1-2,0-1-2,0-0-1
0,163,0.0,0-0-0,0-1-2,0-1-2,0-0-1
0,164,6.0,1-2-0,0-1-2,0-1-2,0-0-1
0,165,0.0,0-2-2,0-1-2,0-1-2,0-0-1
0,166,6.0,0-1-2,0-1-2,0-1-2,0-0-1
0,167,4.0,2-1-2,0-1-2,0-1-2,0-0-1
0,168,4.0,1-2-1,0-1-2,0-1-2,0-0-1
0,169,4.0,2-2-1,0-2-1,0-1-2,0-0-1
0,170,6.0,0-2-1,0-1-2,0-1-2,0-0-1
0,171,0.0,1-0-0,0-1-2,0-1-2,0-0-1
0,172,0.0,0-1-2,0-2-1,0-1-2,0-0-1
0,173,6.0,0-1-2,0-1-2,0-1-2,0-0-1
0,174,6.0,0-1-2,0-1-2,0-1-2,0-0-1
0,175,0.0,0-1-2,0-2-1,0-1-2,0-0-1
0,176,6.0,0-1-2,0-1-2,0-1-2,0-0-1
0,177,0.0,1-0-1,0-1-2,0-1-2,0-0-1
0,178,4.0,1-2-1,0-1-2,0-1-2,0-0-1
0,179,0.0,1-1-1,0-1-2,0-1-2,0-0-1
0,180,6.0,0-1-2,0-1-2,0-1-2,0-0-1
0,181,6.0,0-1-2,0-1-2,0-1-2,0-0-1
0,182,6.0,0-1-2,0-1-2,0-1-2,0-0-1
0,183,4.0,1-2-2,0-1-2,0-1-2,0-0-1
0,184,0.0,2-1-1,0-2-1,0-1-2,0-0-1
0,185,4.0,2-2-0,0-1-2,0-1-2,0-0-1
0,186,4.0,2-1-1,0-1-2,0-1-2,0-0-1
0,187,6.0,0-1-2,0-1-2,0-1-2,0-0-1
0,188,6.0,0-1-2,0-1-2,0-1-2,0-0-1
0,189,4.0,1-1-2,0-1-2,0-1-2,0-0-1
0,190,6.0,0-1-2,0-1-2,0-1-2,0-0-1
0,191,4.0,2-0-2,0-1-2,0-1-2,0-0-1
0,192,6.0,0-1-2,0-1-2,0-1-2,0-0-1
0,193,0.0,1-0-1,0-1-2,0-1-2,0-0-1
0,194,0.0,0-0-1,0-1-2,0-1-2,0-0-1
0,195,6.0,0-1-2,0-1-2,0-1-2,0-0-1
0,196,0.0,0-0-1,0-1-2,0-1-2,0-0-1
0,197,6.0,0-1-2,0-1-2,0-1-2,0-0-1
0,198,4.0,2-0-0,0-1-2,0-1-2,0-0-1
0,199,0.0,1-0-1,0-1-2,0-1-2,0-0-1
0,200,0.0,0-1-0,0-1-2,0-1-2,0-0-1
0,201,3.0,2-2-1,0-1-2,0-1-2,0-0-1
0,202,2.0,0-0-2,0-1-2,0-1-2,0-0-1
0,203,0.0,0-0-1,0-1-2,0-1-2,0-0-1
0,204,0.0,2-2-2,0-2-1,0-1-2,0-0-1
0,205,2.0,0-2-0,0-1-2,0-1-2,0-0-1
0,206,4.0,2-2-0,0-1-2,0-1-2,0-0-1
0,207,6.0,0-1-2,0-1-2,0-1-2,0-0-1
0,208,0.0,0-1-2,0-2-1,0-1-2,0-0-1
0,209,6.0,0-1-2,0-1-2,0-1-2,0-0-1
0,210,0.0,0-1-2,0-2-1,0-1-2,0-0-1
0,211,4.0,2-2-1,0-1-2,0-1-2,0-0-1
0,212,0.0,0-1-2,0-2-1,0-1-2,0-0-1
0,213,6.0,0-1-2,0-1-2,0-1-2,0-0-1
0,214,6.0,0-1-2,0-1-2,0-1-2,0-0-1
0,215,6.0,0-1-2,0-1-2,0-1-2,0-0-1
0,216,4.0,2-1-1,0-1-2,0-1-2,0-0-1
0,217,0.0,0-0-0,0-2-1,0-1-2,0-0-1
0,218,0.0,0-1-2,0-2-1,0-1-2,0-0-1
0,219,6.0,0-1-2,0-1-2,0-1-2,0-0-1
0,220,6.0,0-1-2,0-1-2,0-1-2,0-0-1
0,221,6.0,0-1-2,0-1-2,0-1-2,0-0-1
0,222,0.0,0-0-1,0-1-2,0-1-2,0-0-1
0,223,4.0,2-1-2,0-1-2,0-1-2,0-0-1
0,224,6.0,0-1-2,0-1-2,0-1-2,0-0-1
0,225,1.0,0-0-2,0-1-2,0-1-2,0-0-1
0,226,2.0,0-0-2,0-2-1,0-1-2,0-0-1
0,227,0.0,1-0-0,0-1-2,0-1-2,0-0-1
0,228,6.0,0-1-2,0-1-2,0-1-2,0-0-1
0,229,6.0,0-1-2,0-1-2,0-1-2,0-0-1
0,230,6.0,0-1-2,0-1-2,0-1-2,0-0-1
0,231,6.0,0-1-2,0-1-2,0-1-2,0-0-1
0,232,0.0,0-1-2,0-2-1,0-1-2,0-0-1
0,233,6.0,0-1-2,0-1-2,0-1-2,0-0-1
0,234,6.0,0-1-2,0-1-2,0-1-2,0-0-1
0,235,0.0,0-1-2,0-2-1,0-1-2,0-0-1
0,236,6.0,0-1-2,0-1-2,0-1-2,0-0-1
0,237,6.0,0-1-2,0-1-2,0-1-2,0-0-1
0,238,0.0,0-1-2,0-2-1,0-1-2,0-0-1
0,239,6.0,0-1-2,0-1-2,0-1-2,0-0-1
0,240,6.0,0-1-2,0-1-2,0-1-2,0-0-1
0,241,6.0,0-1-2,0-1-2,0-1-2,0-0-1
0,242,6.0,1-2-0,0-2-1,0-1-2,0-0-1
0,243,6.0,0-1-2,0-1-2,0-1-2,0-0-1
0,244,6.0,0-1-2,0-1-2,0-1-2,0-0-1
0,245,6.0,0-1-2,0-1-2,0-1-2,0-0-1
0,246,6.0,0-1-2,0-1-2,0-1-2,0-0-1
0,247,6.0,0-1-2,0-1-2,0-1-2,0-0-1
0,248,6.0,1-2-0,0-1-2,0-1-2,0-0-1
0,249,6.0,0-2-1,0-1-2,0-1-2,0-0-1
0,250,2.0,0-0-2,0-1-2,0-1-2,0-0-1
0,251,6.0,0-1-2,0-1-2,0-1-2,0-0-1
0,252,6.0,1-2-0,0-1-2,0-1-2,0-0-1
0,253,0.0,1-0-1,0-1-2,0-1-2,0-0-1
0,254,6.0,0-1-2,0-1-2,0-1-2,0-0-1
0,255,6.0,0-1-2,0-1-2,0-1-2,0-0-1
0,256,6.0,0-1-2,0-1-2,0-1-2,0-0-1
0,257,6.0,0-1-2,0-1-2,0-1-2,0-0-1
0,258,6.0,0-1-2,0-1-2,0-1-2,0-0-1
0,259,4.0,2-2-0,0-1-2,0-1-2,0-0-1
0,260,6.0,0-1-2,0-1-2,0-1-2,0-0-1
0,261,0.0,0-1-2,0-2-1,0-1-2,0-0-1
0,262,6.0,0-1-2,0-1-2,0-1-2,0-0-1
0,263,6.0,0-1-2,0-1-2,0-1-2,0-0-1
0,264,6.0,0-1-2,0-1-2,0-1-2,0-0-1
0,265,0.0,2-2-0,0-1-2,0-1-2,0-0-1
0,266,6.0,0-1-2,0-1-2,0-1-2,0-0-1
0,267,3.0,2-0-2,0-1-2,0-1-2,0-0-1
0,268,6.0,0-1-2,0-1-2,0-1-2,0-0-1
0,269,6.0,0-1-2,0-1-2,0-1-2,0-0-1
0,270,6.0,0-1-2,0-1-2,0-1-2,0-0-1
0,271,2.0,0-2-0,0-1-2,0-1-2,0-0-1
0,272,6.0,0-1-2,0-1-2,0-1-2,0-0-1
0,273,6.0,0-1-2,0-1-2,0-1-2,0-0-1
0,274,0.0,2-1-1,0-1-2,0-1-2,0-0-1
0,275,6.0,0-1-2,0-1-2,0-1-2,0-0-1
0,276,0.0,0-1-2,0-2-1,0-1-2,0-0-1
0,277,6.0,0-1-2,0-1-2,0-1-2,0-0-1
0,278,6.0,0-1-2,0-1-2,0-1-2,0-0-1
0,279,0.0,0-0-1,0-1-2,0-1-2,0-0-1
0,280,6.0,0-1-2,0-1-2,0-1-2,0-0-1
0,281,0.0,0-0-0,0-1-2,0-1-2,0-0-1
0,282,6.0,0-1-2,0-1-2,0-1-2,0-0-1
0,283,6.0,0-1-2,0-1-2,0-1-2,0-0-1
0,284,6.0,0-1-2,0-1-2,0-1-2,0-0-1
0,285,6.0,2-0-1,0-1-2,0-1-2,0-0-1
0,286,0.0,0-1-2,0-2-1,0-1-2,0-0-1
0,287,6.0,0-1-2,0-1-2,0-1-2,0-0-1
0,288,6.0,0-1-2,0-1-2,0-1-2,0-0-1
0,289,0.0,0-1-2,0-2-1,0-1-2,0-0-1
0,290,6.0,0-1-2,0-1-2,0-1-2,0-0-1
0,291,6.0,0-1-2,0-1-2,0-1-2,0-0-1
0,292,6.0,0-1-2,0-1-2,0-1-2,0-0-1
0,293,6.0,0-1-2,0-1-2,0-1-2,0-0-1
0,294,0.0,0-0-0,0-1-2,0-1-2,0-0-1
0,295,6.0,0-1-2,0-1-2,0-1-2,0-0-1
0,296,6.0,0-1-2,0-1-2,0-1-2,0-0-1
0,297,6.0,0-1-2,0-1-2,0-1-2,0-0-1
0,298,4.0,2-1-1,0-1-2,0-1-2,0-0-1
0,299,0.0,0-1-2,0-2-1,0-1-2,0-0-1
0,300,0.0,1-2-0,0-1-2,0-1-2,0-0-1
0,301,6.0,0-1-2,0-1-2,0-1-2,0-0-1
0,302,6.0,0-1-2,0-1-2,0-1-2,0-0-1
0,303,6.0,0-1-2,0-1-2,0-1-2,0-0-1
0,304,6.0,0-1-2,0-1-2,0-1-2,0-0-1
0,305,6.0,0-1-2,0-1-2,0-1-2,0-0-1
0,306,0.0,0-1-2,0-2-1,0-1-2,0-0-1
0,307,6.0,0-1-2,0-1-2,0-1-2,0-0-1
0,308,6.0,0-1-2,0-1-2,0-1-2,0-0-1
0,309,6.0,1-2-0,0-1-2,0-1-2,0-0-1
0,310,6.0,0-1-2,0-1-2,0-1-2,0-0-1
0,311,0.0,2-0-0,0-1-2,0-1-2,0-0-1
0,312,6.0,0-1-2,0-1-2,0-1-2,0-0-1
0,313,6.0,0-1-2,0-1-2,0-1-2,0-0-1
0,314,6.0,0-1-2,0-1-2,0-1-2,0-0-1
0,315,6.0,0-1-2,0-1-2,0-1-2,0-0-1
0,316,6.0,0-1-2,0-1-2,0-1-2,0-0-1
0,317,0.0,0-1-2,0-2-1,0-1-2,0-0-1
0,318,6.0,0-1-2,0-1-2,0-1-2,0-0-1
0,319,4.0,1-2-2,0-1-2,0-1-2,0-0-1
0,320,0.0,0-2-0,0-2-1,0-1-2,0-0-1
0,321,6.0,0-1-2,0-1-2,0-1-2,0-0-1
0,322,6.0,2-0-1,0-1-2,0-1-2,0-0-1
0,323,6.0,0-1-2,0-1-2,0-1-2,0-0-1
0,324,6.0,0-1-2,0-1-2,0-1-2,0-0-1
0,325,6.0,0-1-2,0-1-2,0-1-2,0-0-1
0,326,6.0,0-1-2,0-1-2,0-1-2,0-0-1
0,327,6.0,0-1-2,0-1-2,0-1-2,0-0-1
0,328,6.0,0-1-2,0-1-2,0-1-2,0-0-1
0,329,6.0,0-1-2,0-1-2,0-1-2,0-0-1
0,330,6.0,0-1-2,0-1-2,0-1-2,0-0-1
0,331,6.0,0-1-2,0-1-2,0-1-2,0-0-1
0,332,6.0,0-1-2,0-1-2,0-1-2,0-0-1
0,333,6.0,0-1-2,0-1-2,0-1-2,0-0-1
0,334,6.0,0-1-2,0-1-2,0-1-2,0-0-1
0,335,6.0,0-1-2,0-1-2,0-1-2,0-0-1
0,336,6.0,0-1-2,0-1-2,0-1-2,0-0-1
0,337,6.0,0-1-2,0-1-2,0-1-2,0-0-1
0,338,6.0,0-1-2,0-1-2,0-1-2,0-0-1
0,339,6.0,0-1-2,0-1-2,0-1-2,0-0-1
0,340,0.0,0-1-2,0-2-1,0-1-2,0-0-1
0,341,0.0,2-0-0,0-1-2,0-1-2,0-0-1
0,342,6.0,0-1-2,0-1-2,0-1-2,0-0-1
0,343,6.0,0-1-2,0-1-2,0-1-2,0-0-1
0,344,4.0,2-1-1,0-1-2,0-1-2,0-0-1
0,345,0.0,0-1-2,0-2-1,0-1-2,0-0-1
0,346,6.0,0-1-2,0-1-2,0-1-2,0-0-1
0,347,6.0,0-1-2,0-1-2,0-1-2,0-0-1
0,348,0.0,0-1-2,0-2-1,0-1-2,0-0-1
0,349,6.0,0-1-2,0-1-2,0-1-2,0-0-1
0,350,6.0,1-0-2,0-2-1,0-1-2,0-0-1
0,351,6.0,0-1-2,0-1-2,0-1-2,0-0-1
0,352,0.0,0-1-2,0-2-1,0-1-2,0-0-1
0,353,6.0,0-1-2,0-1-2,0-1-2,0-0-1
0,354,0.0,1-0-1,0-1-2,0-1-2,0-0-1
0,355,6.0,0-1-2,0-1-2,0-1-2,0-0-1
0,356,6.0,0-1-2,0-1-2,0-1-2,0-0-1
0,357,6.0,0-1-2,0-1-2,0-1-2,0-0-1
0,358,6.0,0-1-2,0-1-2,0-1-2,0-0-1
0,359,6.0,0-1-2,0-1-2,0-1-2,0-0-1
