scenario,candidate,responder,observer,own_role,own_x,own_y,belief_0,belief_1,soups
0,0,0,0,0,2,3,"[0.4847212683897336, 0.11100476744478781, 0.40427396416547856]","[0.12681142216952376, 0.5502762069356384, 0.3229123708948379]",0.0
0,0,0,1,0,10,3,"[0.5748784073929488, 0.31559435543776276, 0.10952723716928843]","[0.05242139380563912, 0.8260848799493223, 0.12149372624503856]",0.0
0,0,0,2,1,6,3,"[0.7061043704967322, 0.16801132389049128, 0.12588430561277647]","[0.8390884195307637, 0.10143315857864471, 0.05947842189059155]",0.0
0,1,0,0,1,2,3,"[0.4847212683897336, 0.11100476744478781, 0.40427396416547856]","[0.12681142216952376, 0.5502762069356384, 0.3229123708948379]",0.0
0,1,0,1,0,10,3,"[0.31559435543776276, 0.5748784073929488, 0.10952723716928843]","[0.05242139380563912, 0.8260848799493223, 0.12149372624503856]",0.0
0,1,0,2,1,6,3,"[0.16801132389049128, 0.7061043704967322, 0.12588430561277647]","[0.8390884195307637, 0.10143315857864471, 0.05947842189059155]",0.0
0,2,0,0,2,2,3,"[0.4847212683897336, 0.11100476744478781, 0.40427396416547856]","[0.12681142216952376, 0.5502762069356384, 0.3229123708948379]",2.0
0,2,0,1,0,10,3,"[0.31559435543776276, 0.10952723716928843, 0.5748784073929488]","[0.05242139380563912, 0.8260848799493223, 0.12149372624503856]",2.0
0,2,0,2,1,6,3,"[0.16801132389049128, 0.12588430561277647, 0.7061043704967322]","[0.8390884195307637, 0.10143315857864471, 0.05947842189059155]",2.0
1,0,1,0,1,10,3,"[0.8238092332311562, 0.12521895124303373, 0.05097181552581009]","[0.6021396171667787, 0.29335277849997543, 0.10450760433324588]",0.0
1,0,1,1,0,6,3,"[0.04608977990733709, 0.8121316879124771, 0.14177853218018577]","[0.6149469544584552, 0.14396495270447715, 0.2410880928370677]",0.0
1,0,1,2,0,2,3,"[0.1062640560039996, 0.7588140270980155, 0.1349219168979849]","[0.6847861487254688, 0.10332081151023281, 0.21189303976429835]",0.0
1,1,1,0,1,10,3,"[0.12521895124303373, 0.8238092332311562, 0.05097181552581009]","[0.6021396171667787, 0.29335277849997543, 0.10450760433324588]",0.0
1,1,1,1,1,6,3,"[0.04608977990733709, 0.8121316879124771, 0.14177853218018577]","[0.6149469544584552, 0.14396495270447715, 0.2410880928370677]",0.0
1,1,1,2,0,2,3,"[0.1062640560039996, 0.7588140270980155, 0.1349219168979849]","[0.10332081151023281, 0.6847861487254688, 0.21189303976429835]",0.0
1,2,1,0,1,10,3,"[0.12521895124303373, 0.05097181552581009, 0.8238092332311562]","[0.6021396171667787, 0.29335277849997543, 0.10450760433324588]",2.0
1,2,1,1,2,6,3,"[0.04608977990733709, 0.8121316879124771, 0.14177853218018577]","[0.6149469544584552, 0.14396495270447715, 0.2410880928370677]",2.0
1,2,1,2,0,2,3,"[0.1062640560039996, 0.7588140270980155, 0.1349219168979849]","[0.10332081151023281, 0.21189303976429835, 0.6847861487254688]",2.0
2,0,2,0,1,6,3,"[0.08168576027890853, 0.7011401719983799, 0.2171740677227116]","[0.7370969602007171, 0.134566966648461, 0.12833607315082188]",0.0
2,0,2,1,1,10,3,"[0.33130736751380985, 0.5288609914046761, 0.13983164108151405]","[0.5291711620249544, 0.1443705639350707, 0.3264582740399749]",0.0
2,0,2,2,0,2,3,"[0.10918996004205002, 0.4751432691150893, 0.4156667708428607]","[0.17591122579214175, 0.7611479847495861, 0.06294078945827215]",0.0
2,1,2,0,1,6,3,"[0.08168576027890853, 0.7011401719983799, 0.2171740677227116]","[0.134566966648461, 0.7370969602007171, 0.12833607315082188]",0.0
2,1,2,1,1,10,3,"[0.33130736751380985, 0.5288609914046761, 0.13983164108151405]","[0.1443705639350707, 0.5291711620249544, 0.3264582740399749]",0.0
2,1,2,2,1,2,3,"[0.10918996004205002, 0.4751432691150893, 0.4156667708428607]","[0.17591122579214175, 0.7611479847495861, 0.06294078945827215]",0.0
2,2,2,0,1,6,3,"[0.08168576027890853, 0.7011401719983799, 0.2171740677227116]","[0.134566966648461, 0.12833607315082188, 0.7370969602007171]",1.0
2,2,2,1,1,10,3,"[0.33130736751380985, 0.5288609914046761, 0.13983164108151405]","[0.1443705639350707, 0.3264582740399749, 0.5291711620249544]",1.0
2,2,2,2,2,2,3,"[0.10918996004205002, 0.4751432691150893, 0.4156667708428607]","[0.17591122579214175, 0.7611479847495861, 0.06294078945827215]",1.0
3,0,0,0,0,6,3,"[0.07533520069218763, 0.7815404651264801, 0.14312433418133225]","[0.09993580790223126, 0.12055387291159188, 0.7795103191861769]",1.0
3,0,0,1,1,2,3,"[0.6641663875384145, 0.08006823108798064, 0.2557653813736048]","[0.13885958150609767, 0.33247910021900207, 0.5286613182749003]",1.0
3,0,0,2,2,10,3,"[0.7514349722257669, 0.19749349133514016, 0.05107153643909289]","[0.22691080790074397, 0.5099412243070292, 0.2631479677922269]",1.0
3,1,0,0,1,6,3,"[0.07533520069218763, 0.7815404651264801, 0.14312433418133225]","[0.09993580790223126, 0.12055387291159188, 0.7795103191861769]",0.0
3,1,0,1,1,2,3,"[0.08006823108798064, 0.6641663875384145, 0.2557653813736048]","[0.13885958150609767, 0.33247910021900207, 0.5286613182749003]",0.0
3,1,0,2,2,10,3,"[0.19749349133514016, 0.7514349722257669, 0.05107153643909289]","[0.22691080790074397, 0.5099412243070292, 0.2631479677922269]",0.0
3,2,0,0,2,6,3,"[0.07533520069218763, 0.7815404651264801, 0.14312433418133225]","[0.09993580790223126, 0.12055387291159188, 0.7795103191861769]",1.0
3,2,0,1,1,2,3,"[0.08006823108798064, 0.2557653813736048, 0.6641663875384145]","[0.13885958150609767, 0.33247910021900207, 0.5286613182749003]",1.0
3,2,0,2,2,10,3,"[0.19749349133514016, 0.05107153643909289, 0.7514349722257669]","[0.22691080790074397, 0.5099412243070292, 0.2631479677922269]",1.0
4,0,1,0,0,6,3,"[0.7946655126086244, 0.09179471511675537, 0.11353977227462024]","[0.14667601221437956, 0.4755631742398968, 0.37776081354572366]",0.0
4,0,1,1,0,10,3,"[0.6566688799594204, 0.10570186159800189, 0.23762925844257776]","[0.16620860292095657, 0.7769891408014573, 0.0568022562775861]",0.0
4,0,1,2,1,2,3,"[0.5891518106123731, 0.23795337745312758, 0.17289481193449932]","[0.8346629265111838, 0.0936043333531459, 0.07173274013567031]",0.0
4,1,1,0,0,6,3,"[0.09179471511675537, 0.7946655126086244, 0.11353977227462024]","[0.14667601221437956, 0.4755631742398968, 0.37776081354572366]",0.0
4,1,1,1,1,10,3,"[0.6566688799594204, 0.10570186159800189, 0.23762925844257776]","[0.16620860292095657, 0.7769891408014573, 0.0568022562775861]",0.0
4,1,1,2,1,2,3,"[0.5891518106123731, 0.23795337745312758, 0.17289481193449932]","[0.0936043333531459, 0.8346629265111838, 0.07173274013567031]",0.0
4,2,1,0,0,6,3,"[0.09179471511675537, 0.11353977227462024, 0.7946655126086244]","[0.14667601221437956, 0.4755631742398968, 0.37776081354572366]",1.0
4,2,1,1,2,10,3,"[0.6566688799594204, 0.10570186159800189, 0.23762925844257776]","[0.16620860292095657, 0.7769891408014573, 0.0568022562775861]",1.0
4,2,1,2,1,2,3,"[0.5891518106123731, 0.23795337745312758, 0.17289481193449932]","[0.0936043333531459, 0.07173274013567031, 0.8346629265111838]",1.0
5,0,2,0,2,10,3,"[0.0892352753448204, 0.6637530485089731, 0.24701167614620648]","[0.7863516640901522, 0.09741565334598788, 0.1162326825638599]",2.0
5,0,2,1,1,6,3,"[0.2576233345727319, 0.06588604986334433, 0.6764906155639238]","[0.4721796241303344, 0.24841814351667155, 0.279402232352994]",2.0
5,0,2,2,0,2,3,"[0.16664066442083794, 0.3739701004169414, 0.4593892351622207]","[0.06515639591304197, 0.8345404587675813, 0.10030314531937672]",2.0
5,1,2,0,2,10,3,"[0.0892352753448204, 0.6637530485089731, 0.24701167614620648]","[0.09741565334598788, 0.7863516640901522, 0.1162326825638599]",0.0
5,1,2,1,1,6,3,"[0.2576233345727319, 0.06588604986334433, 0.6764906155639238]","[0.24841814351667155, 0.4721796241303344, 0.279402232352994]",0.0
5,1,2,2,1,2,3,"[0.16664066442083794, 0.3739701004169414, 0.4593892351622207]","[0.06515639591304197, 0.8345404587675813, 0.10030314531937672]",0.0
5,2,2,0,2,10,3,"[0.0892352753448204, 0.6637530485089731, 0.24701167614620648]","[0.09741565334598788, 0.1162326825638599, 0.7863516640901522]",1.0
5,2,2,1,1,6,3,"[0.2576233345727319, 0.06588604986334433, 0.6764906155639238]","[0.24841814351667155, 0.279402232352994, 0.4721796241303344]",1.0
5,2,2,2,2,2,3,"[0.16664066442083794, 0.3739701004169414, 0.4593892351622207]","[0.06515639591304197, 0.8345404587675813, 0.10030314531937672]",1.0
6,0,0,0,0,2,3,"[0.289944683573107, 0.0967678830200057, 0.6132874334068873]","[0.7344795493059268, 0.14970121215979157, 0.11581923853428158]",1.0
6,0,0,1,2,6,3,"[0.6384940623239993, 0.16839121956858855, 0.19311471810741218]","[0.7012117803270576, 0.1543393480752168, 0.14444887159772565]",1.0
6,0,0,2,0,10,3,"[0.8202709019508747, 0.07560539098403017, 0.10412370706509513]","[0.3268435507348138, 0.14018551148119712, 0.5329709377839891]",1.0
6,1,0,0,1,2,3,"[0.289944683573107, 0.0967678830200057, 0.6132874334068873]","[0.7344795493059268, 0.14970121215979157, 0.11581923853428158]",0.0
6,1,0,1,2,6,3,"[0.16839121956858855, 0.6384940623239993, 0.19311471810741218]","[0.7012117803270576, 0.1543393480752168, 0.14444887159772565]",0.0
6,1,0,2,0,10,3,"[0.07560539098403017, 0.8202709019508747, 0.10412370706509513]","[0.3268435507348138, 0.14018551148119712, 0.5329709377839891]",0.0
6,2,0,0,2,2,3,"[0.289944683573107, 0.0967678830200057, 0.6132874334068873]","[0.7344795493059268, 0.14970121215979157, 0.11581923853428158]",1.0
6,2,0,1,2,6,3,"[0.16839121956858855, 0.19311471810741218, 0.6384940623239993]","[0.7012117803270576, 0.1543393480752168, 0.14444887159772565]",1.0
6,2,0,2,0,10,3,"[0.07560539098403017, 0.10412370706509513, 0.8202709019508747]","[0.3268435507348138, 0.14018551148119712, 0.5329709377839891]",1.0
7,0,1,0,0,10,3,"[0.7086583478938706, 0.10990417360185893, 0.18143747850427047]","[0.2940365520951008, 0.16991962664222682, 0.5360438212626724]",1.0
7,0,1,1,0,2,3,"[0.4581328121278126, 0.3201987507341418, 0.22166843713804565]","[0.24858811959798727, 0.2361412984700652, 0.5152705819319475]",1.0
7,0,1,2,2,6,3,"[0.48901421061373795, 0.30021220824865463, 0.2107735811376074]","[0.7661212185800543, 0.07565462380712615, 0.15822415761281952]",1.0
7,1,1,0,0,10,3,"[0.10990417360185893, 0.7086583478938706, 0.18143747850427047]","[0.2940365520951008, 0.16991962664222682, 0.5360438212626724]",0.0
7,1,1,1,1,2,3,"[0.4581328121278126, 0.3201987507341418, 0.22166843713804565]","[0.24858811959798727, 0.2361412984700652, 0.5152705819319475]",0.0
7,1,1,2,2,6,3,"[0.48901421061373795, 0.30021220824865463, 0.2107735811376074]","[0.07565462380712615, 0.7661212185800543, 0.15822415761281952]",0.0
7,2,1,0,0,10,3,"[0.10990417360185893, 0.18143747850427047, 0.7086583478938706]","[0.2940365520951008, 0.16991962664222682, 0.5360438212626724]",1.0
7,2,1,1,2,2,3,"[0.4581328121278126, 0.3201987507341418, 0.22166843713804565]","[0.24858811959798727, 0.2361412984700652, 0.5152705819319475]",1.0
7,2,1,2,2,6,3,"[0.48901421061373795, 0.30021220824865463, 0.2107735811376074]","[0.07565462380712615, 0.15822415761281952, 0.7661212185800543]",1.0
8,0,2,0,2,10,3,"[0.2219050480294576, 0.2818830414631536, 0.4962119105073887]","[0.6759148132173136, 0.13139949858374017, 0.19268568819894621]",1.0
8,0,2,1,2,6,3,"[0.27847557490962327, 0.08823281442093564, 0.6332916106694411]","[0.6859749169589449, 0.07151519721742455, 0.2425098858236306]",1.0
8,0,2,2,0,2,3,"[0.15149816866070925, 0.11466564769524572, 0.733836183644045]","[0.18601083668811852, 0.18071220192551524, 0.6332769613863662]",1.0
8,1,2,0,2,10,3,"[0.2219050480294576, 0.2818830414631536, 0.4962119105073887]","[0.13139949858374017, 0.6759148132173136, 0.19268568819894621]",1.0
8,1,2,1,2,6,3,"[0.27847557490962327, 0.08823281442093564, 0.6332916106694411]","[0.07151519721742455, 0.6859749169589449, 0.2425098858236306]",1.0
8,1,2,2,1,2,3,"[0.15149816866070925, 0.11466564769524572, 0.733836183644045]","[0.18601083668811852, 0.18071220192551524, 0.6332769613863662]",1.0
8,2,2,0,2,10,3,"[0.2219050480294576, 0.2818830414631536, 0.4962119105073887]","[0.13139949858374017, 0.19268568819894621, 0.6759148132173136]",0.0
8,2,2,1,2,6,3,"[0.27847557490962327, 0.08823281442093564, 0.6332916106694411]","[0.07151519721742455, 0.2425098858236306, 0.6859749169589449]",0.0
8,2,2,2,2,2,3,"[0.15149816866070925, 0.11466564769524572, 0.733836183644045]","[0.18601083668811852, 0.18071220192551524, 0.6332769613863662]",0.0
9,0,0,0,0,6,3,"[0.14759082840135138, 0.3314895154200442, 0.5209196561786045]","[0.770802134454255, 0.07173255910132936, 0.15746530644441556]",1.0
9,0,0,1,2,10,3,"[0.5946588756926331, 0.2397303470914206, 0.1656107772159463]","[0.550198629514195, 0.097198910474669, 0.35260246001113604]",1.0
9,0,0,2,0,2,3,"[0.8129977583316925, 0.08684732894068732, 0.10015491272762014]","[0.3976147603188893, 0.13848667907188414, 0.4638985606092265]",1.0
9,1,0,0,1,6,3,"[0.14759082840135138, 0.3314895154200442, 0.5209196561786045]","[0.770802134454255, 0.07173255910132936, 0.15746530644441556]",2.0
9,1,0,1,2,10,3,"[0.2397303470914206, 0.5946588756926331, 0.1656107772159463]","[0.550198629514195, 0.097198910474669, 0.35260246001113604]",2.0
9,1,0,2,0,2,3,"[0.08684732894068732, 0.8129977583316925, 0.10015491272762014]","[0.3976147603188893, 0.13848667907188414, 0.4638985606092265]",2.0
9,2,0,0,2,6,3,"[0.14759082840135138, 0.3314895154200442, 0.5209196561786045]","[0.770802134454255, 0.07173255910132936, 0.15746530644441556]",1.0
9,2,0,1,2,10,3,"[0.2397303470914206, 0.1656107772159463, 0.5946588756926331]","[0.550198629514195, 0.097198910474669, 0.35260246001113604]",1.0
9,2,0,2,0,2,3,"[0.08684732894068732, 0.10015491272762014, 0.8129977583316925]","[0.3976147603188893, 0.13848667907188414, 0.4638985606092265]",1.0
10,0,1,0,2,2,3,"[0.7197798685400062, 0.1866291671669536, 0.09359096429304019]","[0.17542260562367268, 0.3388247884585293, 0.485752605917798]",0.0
10,0,1,1,0,6,3,"[0.3518568970782301, 0.1607841258339544, 0.4873589770878155]","[0.20876655117174867, 0.1964014636746584, 0.5948319851535929]",0.0
10,0,1,2,2,10,3,"[0.2037560244882185, 0.09756525253789594, 0.6986787229738856]","[0.6487682208592555, 0.08337180231192709, 0.26785997682881746]",0.0
10,1,1,0,2,2,3,"[0.1866291671669536, 0.7197798685400062, 0.09359096429304019]","[0.17542260562367268, 0.3388247884585293, 0.485752605917798]",1.0
10,1,1,1,1,6,3,"[0.3518568970782301, 0.1607841258339544, 0.4873589770878155]","[0.20876655117174867, 0.1964014636746584, 0.5948319851535929]",1.0
10,1,1,2,2,10,3,"[0.2037560244882185, 0.09756525253789594, 0.6986787229738856]","[0.08337180231192709, 0.6487682208592555, 0.26785997682881746]",1.0
10,2,1,0,2,2,3,"[0.1866291671669536, 0.09359096429304019, 0.7197798685400062]","[0.17542260562367268, 0.3388247884585293, 0.485752605917798]",0.0
10,2,1,1,2,6,3,"[0.3518568970782301, 0.1607841258339544, 0.4873589770878155]","[0.20876655117174867, 0.1964014636746584, 0.5948319851535929]",0.0
10,2,1,2,2,10,3,"[0.2037560244882185, 0.09756525253789594, 0.6986787229738856]","[0.08337180231192709, 0.26785997682881746, 0.6487682208592555]",0.0
11,0,2,0,1,6,3,"[0.6494850147323872, 0.11933379851786721, 0.2311811867497456]","[0.6212717175976327, 0.2593583985861197, 0.11936988381624762]",0.0
11,0,2,1,0,2,3,"[0.13343894843887616, 0.5036054345359834, 0.36295561702514045]","[0.5714232143978455, 0.27139251456467334, 0.15718427103748114]",0.0
11,0,2,2,0,10,3,"[0.3604871776144415, 0.4845175114957423, 0.15499531088981622]","[0.6439716327978545, 0.18426870826208464, 0.17175965894006084]",0.0
11,1,2,0,1,6,3,"[0.6494850147323872, 0.11933379851786721, 0.2311811867497456]","[0.2593583985861197, 0.6212717175976327, 0.11936988381624762]",0.0
11,1,2,1,0,2,3,"[0.13343894843887616, 0.5036054345359834, 0.36295561702514045]","[0.27139251456467334, 0.5714232143978455, 0.15718427103748114]",0.0
11,1,2,2,1,10,3,"[0.3604871776144415, 0.4845175114957423, 0.15499531088981622]","[0.6439716327978545, 0.18426870826208464, 0.17175965894006084]",0.0
11,2,2,0,1,6,3,"[0.6494850147323872, 0.11933379851786721, 0.2311811867497456]","[0.2593583985861197, 0.11936988381624762, 0.6212717175976327]",2.0
11,2,2,1,0,2,3,"[0.13343894843887616, 0.5036054345359834, 0.36295561702514045]","[0.27139251456467334, 0.15718427103748114, 0.5714232143978455]",2.0
11,2,2,2,2,10,3,"[0.3604871776144415, 0.4845175114957423, 0.15499531088981622]","[0.6439716327978545, 0.18426870826208464, 0.17175965894006084]",2.0
12,0,0,0,0,2,3,"[0.8159853819636662, 0.09641236326145415, 0.08760225477487964]","[0.22245280242963678, 0.05735046903941171, 0.7201967285309515]",1.0
12,0,0,1,0,6,3,"[0.5413048261257554, 0.23597978344201262, 0.222715390432232]","[0.08221237032963356, 0.31927731075349963, 0.5985103189168668]",1.0
12,0,0,2,2,10,3,"[0.5026211301156186, 0.3016951300590286, 0.1956837398253528]","[0.6101330345467831, 0.3074403936091364, 0.08242657184408049]",1.0
12,1,0,0,1,2,3,"[0.8159853819636662, 0.09641236326145415, 0.08760225477487964]","[0.22245280242963678, 0.05735046903941171, 0.7201967285309515]",1.0
12,1,0,1,0,6,3,"[0.23597978344201262, 0.5413048261257554, 0.222715390432232]","[0.08221237032963356, 0.31927731075349963, 0.5985103189168668]",1.0
12,1,0,2,2,10,3,"[0.3016951300590286, 0.5026211301156186, 0.1956837398253528]","[0.6101330345467831, 0.3074403936091364, 0.08242657184408049]",1.0
12,2,0,0,2,2,3,"[0.8159853819636662, 0.09641236326145415, 0.08760225477487964]","[0.22245280242963678, 0.05735046903941171, 0.7201967285309515]",0.0
12,2,0,1,0,6,3,"[0.23597978344201262, 0.222715390432232, 0.5413048261257554]","[0.08221237032963356, 0.31927731075349963, 0.5985103189168668]",0.0
12,2,0,2,2,10,3,"[0.3016951300590286, 0.1956837398253528, 0.5026211301156186]","[0.6101330345467831, 0.3074403936091364, 0.08242657184408049]",0.0
13,0,1,0,0,6,3,"[0.8036736781067871, 0.10660146733605134, 0.08972485455716152]","[0.21508198445920568, 0.5340081277106953, 0.25090988783009904]",0.0
13,0,1,1,0,2,3,"[0.49094960626095013, 0.23050095380639063, 0.2785494399326592]","[0.14672201531611193, 0.6147707681043273, 0.23850721657956078]",0.0
13,0,1,2,1,10,3,"[0.8200388848914122, 0.10492391749502383, 0.07503719761356398]","[0.5287957888818989, 0.11940196190883395, 0.3518022492092671]",0.0
13,1,1,0,0,6,3,"[0.10660146733605134, 0.8036736781067871, 0.08972485455716152]","[0.21508198445920568, 0.5340081277106953, 0.25090988783009904]",0.0
13,1,1,1,1,2,3,"[0.49094960626095013, 0.23050095380639063, 0.2785494399326592]","[0.14672201531611193, 0.6147707681043273, 0.23850721657956078]",0.0
13,1,1,2,1,10,3,"[0.8200388848914122, 0.10492391749502383, 0.07503719761356398]","[0.11940196190883395, 0.5287957888818989, 0.3518022492092671]",0.0
13,2,1,0,0,6,3,"[0.10660146733605134, 0.08972485455716152, 0.8036736781067871]","[0.21508198445920568, 0.5340081277106953, 0.25090988783009904]",2.0
13,2,1,1,2,2,3,"[0.49094960626095013, 0.23050095380639063, 0.2785494399326592]","[0.14672201531611193, 0.6147707681043273, 0.23850721657956078]",2.0
13,2,1,2,1,10,3,"[0.8200388848914122, 0.10492391749502383, 0.07503719761356398]","[0.11940196190883395, 0.3518022492092671, 0.5287957888818989]",2.0
14,0,2,0,0,2,3,"[0.2913223412884704, 0.5439737190013834, 0.16470393971014624]","[0.6539265351225149, 0.13264422864115566, 0.2134292362363295]",0.0
14,0,2,1,1,10,3,"[0.7955858985273476, 0.06260827253817135, 0.14180582893448104]","[0.5032035113656885, 0.23131232557673798, 0.26548416305757355]",0.0
14,0,2,2,0,6,3,"[0.6516325100996573, 0.245278566279819, 0.10308892362052371]","[0.20331780581555792, 0.6724716930962326, 0.12421050108820952]",0.0
14,1,2,0,0,2,3,"[0.2913223412884704, 0.5439737190013834, 0.16470393971014624]","[0.13264422864115566, 0.6539265351225149, 0.2134292362363295]",0.0
14,1,2,1,1,10,3,"[0.7955858985273476, 0.06260827253817135, 0.14180582893448104]","[0.23131232557673798, 0.5032035113656885, 0.26548416305757355]",0.0
14,1,2,2,1,6,3,"[0.6516325100996573, 0.245278566279819, 0.10308892362052371]","[0.20331780581555792, 0.6724716930962326, 0.12421050108820952]",0.0
14,2,2,0,0,2,3,"[0.2913223412884704, 0.5439737190013834, 0.16470393971014624]","[0.13264422864115566, 0.2134292362363295, 0.6539265351225149]",2.0
14,2,2,1,1,10,3,"[0.7955858985273476, 0.06260827253817135, 0.14180582893448104]","[0.23131232557673798, 0.26548416305757355, 0.5032035113656885]",2.0
14,2,2,2,2,6,3,"[0.6516325100996573, 0.245278566279819, 0.10308892362052371]","[0.20331780581555792, 0.6724716930962326, 0.12421050108820952]",2.0
15,0,0,0,0,2,3,"[0.23044563162958165, 0.5795562598868712, 0.18999810848354715]","[0.265016751111186, 0.1245562554130005, 0.6104269934758135]",2.0
15,0,0,1,1,6,3,"[0.5016852014892466, 0.39804636765523593, 0.10026843085551752]","[0.08489021303345472, 0.29074086086045564, 0.6243689261060896]",2.0
15,0,0,2,2,10,3,"[0.6834322604819031, 0.19104052639819355, 0.12552721311990336]","[0.17615544687363457, 0.7770998075469049, 0.04674474557946054]",2.0
15,1,0,0,1,2,3,"[0.23044563162958165, 0.5795562598868712, 0.18999810848354715]","[0.265016751111186, 0.1245562554130005, 0.6104269934758135]",0.0
15,1,0,1,1,6,3,"[0.39804636765523593, 0.5016852014892466, 0.10026843085551752]","[0.08489021303345472, 0.29074086086045564, 0.6243689261060896]",0.0
15,1,0,2,2,10,3,"[0.19104052639819355, 0.6834322604819031, 0.12552721311990336]","[0.17615544687363457, 0.7770998075469049, 0.04674474557946054]",0.0
15,2,0,0,2,2,3,"[0.23044563162958165, 0.5795562598868712, 0.18999810848354715]","[0.265016751111186, 0.1245562554130005, 0.6104269934758135]",1.0
15,2,0,1,1,6,3,"[0.39804636765523593, 0.10026843085551752, 0.5016852014892466]","[0.08489021303345472, 0.29074086086045564, 0.6243689261060896]",1.0
15,2,0,2,2,10,3,"[0.19104052639819355, 0.12552721311990336, 0.6834322604819031]","[0.17615544687363457, 0.7770998075469049, 0.04674474557946054]",1.0
16,0,1,0,2,10,3,"[0.6602850095033806, 0.09562588186334658, 0.24408910863327277]","[0.10744692650074254, 0.5534431818620402, 0.3391098916372172]",1.0
16,0,1,1,0,6,3,"[0.3139722328543224, 0.16905070486887228, 0.5169770622768053]","[0.3156268582363867, 0.5107559982572019, 0.17361714350641147]",1.0
16,0,1,2,1,2,3,"[0.3193003646577205, 0.1903418693379808, 0.4903577660042987]","[0.6907341688885555, 0.22904528051204892, 0.08022055059939552]",1.0
16,1,1,0,2,10,3,"[0.09562588186334658, 0.6602850095033806, 0.24408910863327277]","[0.10744692650074254, 0.5534431818620402, 0.3391098916372172]",0.0
16,1,1,1,1,6,3,"[0.3139722328543224, 0.16905070486887228, 0.5169770622768053]","[0.3156268582363867, 0.5107559982572019, 0.17361714350641147]",0.0
16,1,1,2,1,2,3,"[0.3193003646577205, 0.1903418693379808, 0.4903577660042987]","[0.22904528051204892, 0.6907341688885555, 0.08022055059939552]",0.0
16,2,1,0,2,10,3,"[0.09562588186334658, 0.24408910863327277, 0.6602850095033806]","[0.10744692650074254, 0.5534431818620402, 0.3391098916372172]",1.0
16,2,1,1,2,6,3,"[0.3139722328543224, 0.16905070486887228, 0.5169770622768053]","[0.3156268582363867, 0.5107559982572019, 0.17361714350641147]",1.0
16,2,1,2,1,2,3,"[0.3193003646577205, 0.1903418693379808, 0.4903577660042987]","[0.22904528051204892, 0.08022055059939552, 0.6907341688885555]",1.0
17,0,2,0,0,2,3,"[0.8456165040865037, 0.048736818723785144, 0.10564667718971119]","[0.49426239832755026, 0.40309873386090694, 0.1026388678115428]",0.0
17,0,2,1,0,10,3,"[0.8173235932831837, 0.09765692683028086, 0.08501947988653542]","[0.6066986392466747, 0.1836376198764409, 0.20966374087688444]",0.0
17,0,2,2,0,6,3,"[0.8026668089141291, 0.10173419222854457, 0.09559899885732631]","[0.4930170457380273, 0.19967496471847077, 0.3073079895435019]",0.0
17,1,2,0,0,2,3,"[0.8456165040865037, 0.048736818723785144, 0.10564667718971119]","[0.40309873386090694, 0.49426239832755026, 0.1026388678115428]",0.0
17,1,2,1,0,10,3,"[0.8173235932831837, 0.09765692683028086, 0.08501947988653542]","[0.1836376198764409, 0.6066986392466747, 0.20966374087688444]",0.0
17,1,2,2,1,6,3,"[0.8026668089141291, 0.10173419222854457, 0.09559899885732631]","[0.4930170457380273, 0.19967496471847077, 0.3073079895435019]",0.0
17,2,2,0,0,2,3,"[0.8456165040865037, 0.048736818723785144, 0.10564667718971119]","[0.40309873386090694, 0.1026388678115428, 0.49426239832755026]",1.0
17,2,2,1,0,10,3,"[0.8173235932831837, 0.09765692683028086, 0.08501947988653542]","[0.1836376198764409, 0.20966374087688444, 0.6066986392466747]",1.0
17,2,2,2,2,6,3,"[0.8026668089141291, 0.10173419222854457, 0.09559899885732631]","[0.4930170457380273, 0.19967496471847077, 0.3073079895435019]",1.0
18,0,0,0,0,2,3,"[0.18952188285163077, 0.0793716846997869, 0.7311064324485823]","[0.23006278329094446, 0.0708037161363126, 0.6991335005727429]",1.0
18,0,0,1,2,6,3,"[0.5143411311067476, 0.2723414139326665, 0.2133174549605859]","[0.28450067835298287, 0.24797537292386387, 0.4675239487231532]",1.0
18,0,0,2,2,10,3,"[0.6236211401120526, 0.2526178776487058, 0.12376098223924162]","[0.18807439028680414, 0.06520837735639742, 0.7467172323567984]",1.0
18,1,0,0,1,2,3,"[0.18952188285163077, 0.0793716846997869, 0.7311064324485823]","[0.23006278329094446, 0.0708037161363126, 0.6991335005727429]",1.0
18,1,0,1,2,6,3,"[0.2723414139326665, 0.5143411311067476, 0.2133174549605859]","[0.28450067835298287, 0.24797537292386387, 0.4675239487231532]",1.0
18,1,0,2,2,10,3,"[0.2526178776487058, 0.6236211401120526, 0.12376098223924162]","[0.18807439028680414, 0.06520837735639742, 0.7467172323567984]",1.0
18,2,0,0,2,2,3,"[0.18952188285163077, 0.0793716846997869, 0.7311064324485823]","[0.23006278329094446, 0.0708037161363126, 0.6991335005727429]",0.0
18,2,0,1,2,6,3,"[0.2723414139326665, 0.2133174549605859, 0.5143411311067476]","[0.28450067835298287, 0.24797537292386387, 0.4675239487231532]",0.0
18,2,0,2,2,10,3,"[0.2526178776487058, 0.12376098223924162, 0.6236211401120526]","[0.18807439028680414, 0.06520837735639742, 0.7467172323567984]",0.0
19,0,1,0,0,10,3,"[0.8332367096122708, 0.0647824595838539, 0.10198083080387531]","[0.15366880082336257, 0.09160405291019756, 0.7547271462664399]",0.0
19,0,1,1,0,6,3,"[0.8269799902091904, 0.10491853455090949, 0.06810147523990007]","[0.12320021224142391, 0.061318485349451994, 0.8154813024091241]",0.0
19,0,1,2,2,2,3,"[0.5259907483955475, 0.3671433564701935, 0.10686589513425898]","[0.5733999528046938, 0.3323762227627806, 0.0942238244325256]",0.0
19,1,1,0,0,10,3,"[0.0647824595838539, 0.8332367096122708, 0.10198083080387531]","[0.15366880082336257, 0.09160405291019756, 0.7547271462664399]",2.0
19,1,1,1,1,6,3,"[0.8269799902091904, 0.10491853455090949, 0.06810147523990007]","[0.12320021224142391, 0.061318485349451994, 0.8154813024091241]",2.0
19,1,1,2,2,2,3,"[0.5259907483955475, 0.3671433564701935, 0.10686589513425898]","[0.3323762227627806, 0.5733999528046938, 0.0942238244325256]",2.0
19,2,1,0,0,10,3,"[0.0647824595838539, 0.10198083080387531, 0.8332367096122708]","[0.15366880082336257, 0.09160405291019756, 0.7547271462664399]",1.0
19,2,1,1,2,6,3,"[0.8269799902091904, 0.10491853455090949, 0.06810147523990007]","[0.12320021224142391, 0.061318485349451994, 0.8154813024091241]",1.0
19,2,1,2,2,2,3,"[0.5259907483955475, 0.3671433564701935, 0.10686589513425898]","[0.3323762227627806, 0.0942238244325256, 0.5733999528046938]",1.0
20,0,2,0,0,2,3,"[0.16897528713541898, 0.08926149081142722, 0.7417632220531538]","[0.5976693957209196, 0.2680808200136308, 0.13424978426544956]",1.0
20,0,2,1,2,10,3,"[0.5748604847990477, 0.2672068718113762, 0.15793264338957608]","[0.45024338330401387, 0.3469366743790125, 0.2028199423169737]",1.0
20,0,2,2,0,6,3,"[0.8468176159436893, 0.09146622256573612, 0.06171616149057455]","[0.06574804490230056, 0.1423738471846351, 0.7918781079130643]",1.0
20,1,2,0,0,2,3,"[0.16897528713541898, 0.08926149081142722, 0.7417632220531538]","[0.2680808200136308, 0.5976693957209196, 0.13424978426544956]",2.0
20,1,2,1,2,10,3,"[0.5748604847990477, 0.2672068718113762, 0.15793264338957608]","[0.3469366743790125, 0.45024338330401387, 0.2028199423169737]",2.0
20,1,2,2,1,6,3,"[0.8468176159436893, 0.09146622256573612, 0.06171616149057455]","[0.06574804490230056, 0.1423738471846351, 0.7918781079130643]",2.0
20,2,2,0,0,2,3,"[0.16897528713541898, 0.08926149081142722, 0.7417632220531538]","[0.2680808200136308, 0.13424978426544956, 0.5976693957209196]",1.0
20,2,2,1,2,10,3,"[0.5748604847990477, 0.2672068718113762, 0.15793264338957608]","[0.3469366743790125, 0.2028199423169737, 0.45024338330401387]",1.0
20,2,2,2,2,6,3,"[0.8468176159436893, 0.09146622256573612, 0.06171616149057455]","[0.06574804490230056, 0.1423738471846351, 0.7918781079130643]",1.0
21,0,0,0,0,10,3,"[0.7659237656168397, 0.06767004681297525, 0.16640618757018502]","[0.14830829596732722, 0.6580088037355288, 0.19368290029714394]",0.0
21,0,0,1,0,6,3,"[0.7170090804599981, 0.11850636772226528, 0.16448455181773658]","[0.19867003953488874, 0.5268712197255893, 0.27445874073952203]",0.0
21,0,0,2,1,2,3,"[0.5430206044092354, 0.11246444805247377, 0.34451494753829087]","[0.7933826644148572, 0.12162934674700784, 0.08498798883813499]",0.0
21,1,0,0,1,10,3,"[0.7659237656168397, 0.06767004681297525, 0.16640618757018502]","[0.14830829596732722, 0.6580088037355288, 0.19368290029714394]",0.0
21,1,0,1,0,6,3,"[0.11850636772226528, 0.7170090804599981, 0.16448455181773658]","[0.19867003953488874, 0.5268712197255893, 0.27445874073952203]",0.0
21,1,0,2,1,2,3,"[0.11246444805247377, 0.5430206044092354, 0.34451494753829087]","[0.7933826644148572, 0.12162934674700784, 0.08498798883813499]",0.0
21,2,0,0,2,10,3,"[0.7659237656168397, 0.06767004681297525, 0.16640618757018502]","[0.14830829596732722, 0.6580088037355288, 0.19368290029714394]",1.0
21,2,0,1,0,6,3,"[0.11850636772226528, 0.16448455181773658, 0.7170090804599981]","[0.19867003953488874, 0.5268712197255893, 0.27445874073952203]",1.0
21,2,0,2,1,2,3,"[0.11246444805247377, 0.34451494753829087, 0.5430206044092354]","[0.7933826644148572, 0.12162934674700784, 0.08498798883813499]",1.0
22,0,1,0,2,6,3,"[0.47056020081006866, 0.34562496265961234, 0.183814836530319]","[0.09834691722129879, 0.7856779505736426, 0.11597513220505856]",2.0
22,0,1,1,0,2,3,"[0.2788610594109661, 0.13489201619821775, 0.5862469243908162]","[0.28650193879626323, 0.5122567043447578, 0.20124135685897898]",2.0
22,0,1,2,1,10,3,"[0.24179717933216396, 0.30591496897166287, 0.45228785169617314]","[0.7718333239051116, 0.11747639873911651, 0.11069027735577187]",2.0
22,1,1,0,2,6,3,"[0.34562496265961234, 0.47056020081006866, 0.183814836530319]","[0.09834691722129879, 0.7856779505736426, 0.11597513220505856]",1.0
22,1,1,1,1,2,3,"[0.2788610594109661, 0.13489201619821775, 0.5862469243908162]","[0.28650193879626323, 0.5122567043447578, 0.20124135685897898]",1.0
22,1,1,2,1,10,3,"[0.24179717933216396, 0.30591496897166287, 0.45228785169617314]","[0.11747639873911651, 0.7718333239051116, 0.11069027735577187]",1.0
22,2,1,0,2,6,3,"[0.34562496265961234, 0.183814836530319, 0.47056020081006866]","[0.09834691722129879, 0.7856779505736426, 0.11597513220505856]",1.0
22,2,1,1,2,2,3,"[0.2788610594109661, 0.13489201619821775, 0.5862469243908162]","[0.28650193879626323, 0.5122567043447578, 0.20124135685897898]",1.0
22,2,1,2,1,10,3,"[0.24179717933216396, 0.30591496897166287, 0.45228785169617314]","[0.11747639873911651, 0.11069027735577187, 0.7718333239051116]",1.0
23,0,2,0,0,2,3,"[0.4641790020359747, 0.14107462430568327, 0.3947463736583421]","[0.64066458934469, 0.1089827151810702, 0.2503526954742399]",0.0
23,0,2,1,0,6,3,"[0.5240761217444362, 0.34723109565373966, 0.12869278260182412]","[0.8344840544942642, 0.03814184904452313, 0.12737409646121267]",0.0
23,0,2,2,0,10,3,"[0.7430753867732935, 0.08059814482845354, 0.17632646839825292]","[0.5923911399101267, 0.1566457520853284, 0.25096310800454485]",0.0
23,1,2,0,0,2,3,"[0.4641790020359747, 0.14107462430568327, 0.3947463736583421]","[0.1089827151810702, 0.64066458934469, 0.2503526954742399]",0.0
23,1,2,1,0,6,3,"[0.5240761217444362, 0.34723109565373966, 0.12869278260182412]","[0.03814184904452313, 0.8344840544942642, 0.12737409646121267]",0.0
23,1,2,2,1,10,3,"[0.7430753867732935, 0.08059814482845354, 0.17632646839825292]","[0.5923911399101267, 0.1566457520853284, 0.25096310800454485]",0.0
23,2,2,0,0,2,3,"[0.4641790020359747, 0.14107462430568327, 0.3947463736583421]","[0.1089827151810702, 0.2503526954742399, 0.64066458934469]",1.0
23,2,2,1,0,6,3,"[0.5240761217444362, 0.34723109565373966, 0.12869278260182412]","[0.03814184904452313, 0.12737409646121267, 0.8344840544942642]",1.0
23,2,2,2,2,10,3,"[0.7430753867732935, 0.08059814482845354, 0.17632646839825292]","[0.5923911399101267, 0.1566457520853284, 0.25096310800454485]",1.0
24,0,0,0,0,10,3,"[0.1757327455797974, 0.1511197363730668, 0.6731475180471358]","[0.6382752386210353, 0.1660362083198305, 0.19568855305913418]",1.0
24,0,0,1,2,6,3,"[0.8137101746214792, 0.1268126776726714, 0.05947714770584938]","[0.5067998731767392, 0.11770089131174577, 0.37549923551151504]",1.0
24,0,0,2,0,2,3,"[0.4597775589117061, 0.3500401892447264, 0.19018225184356746]","[0.3170027242342335, 0.08703543763306941, 0.5959618381326971]",1.0
24,1,0,0,1,10,3,"[0.1757327455797974, 0.1511197363730668, 0.6731475180471358]","[0.6382752386210353, 0.1660362083198305, 0.19568855305913418]",2.0
24,1,0,1,2,6,3,"[0.1268126776726714, 0.8137101746214792, 0.05947714770584938]","[0.5067998731767392, 0.11770089131174577, 0.37549923551151504]",2.0
24,1,0,2,0,2,3,"[0.3500401892447264, 0.4597775589117061, 0.19018225184356746]","[0.3170027242342335, 0.08703543763306941, 0.5959618381326971]",2.0
24,2,0,0,2,10,3,"[0.1757327455797974, 0.1511197363730668, 0.6731475180471358]","[0.6382752386210353, 0.1660362083198305, 0.19568855305913418]",1.0
24,2,0,1,2,6,3,"[0.1268126776726714, 0.05947714770584938, 0.8137101746214792]","[0.5067998731767392, 0.11770089131174577, 0.37549923551151504]",1.0
24,2,0,2,0,2,3,"[0.3500401892447264, 0.19018225184356746, 0.4597775589117061]","[0.3170027242342335, 0.08703543763306941, 0.5959618381326971]",1.0
25,0,1,0,1,6,3,"[0.8431204056997481, 0.0675160442712339, 0.089363550029018]","[0.11827568151920236, 0.25135061553163224, 0.6303737029491654]",2.0
25,0,1,1,0,2,3,"[0.11233957676803384, 0.5007161925933573, 0.38694423063860883]","[0.19865556341939003, 0.2374039927233438, 0.5639404438572662]",2.0
25,0,1,2,2,10,3,"[0.3270439287195209, 0.5071544268117056, 0.16580164446877346]","[0.6630811503531899, 0.10572535083242071, 0.2311934988143894]",2.0
25,1,1,0,1,6,3,"[0.0675160442712339, 0.8431204056997481, 0.089363550029018]","[0.11827568151920236, 0.25135061553163224, 0.6303737029491654]",0.0
25,1,1,1,1,2,3,"[0.11233957676803384, 0.5007161925933573, 0.38694423063860883]","[0.19865556341939003, 0.2374039927233438, 0.5639404438572662]",0.0
25,1,1,2,2,10,3,"[0.3270439287195209, 0.5071544268117056, 0.16580164446877346]","[0.10572535083242071, 0.6630811503531899, 0.2311934988143894]",0.0
25,2,1,0,1,6,3,"[0.0675160442712339, 0.089363550029018, 0.8431204056997481]","[0.11827568151920236, 0.25135061553163224, 0.6303737029491654]",1.0
25,2,1,1,2,2,3,"[0.11233957676803384, 0.5007161925933573, 0.38694423063860883]","[0.19865556341939003, 0.2374039927233438, 0.5639404438572662]",1.0
25,2,1,2,2,10,3,"[0.3270439287195209, 0.5071544268117056, 0.16580164446877346]","[0.10572535083242071, 0.2311934988143894, 0.6630811503531899]",1.0
26,0,2,0,2,2,3,"[0.03593867258739449, 0.8465100334211515, 0.117551293991454]","[0.6948008302968939, 0.18671682600950787, 0.11848234369359824]",2.0
26,0,2,1,1,10,3,"[0.15456734807930958, 0.20989797654018041, 0.63553467538051]","[0.5480900925999234, 0.2725246297238727, 0.17938527767620394]",2.0
26,0,2,2,0,6,3,"[0.17495675698558713, 0.10225289046292882, 0.722790352551484]","[0.2610548187115638, 0.5155789124538079, 0.2233662688346283]",2.0
26,1,2,0,2,2,3,"[0.03593867258739449, 0.8465100334211515, 0.117551293991454]","[0.18671682600950787, 0.6948008302968939, 0.11848234369359824]",1.0
26,1,2,1,1,10,3,"[0.15456734807930958, 0.20989797654018041, 0.63553467538051]","[0.2725246297238727, 0.5480900925999234, 0.17938527767620394]",1.0
26,1,2,2,1,6,3,"[0.17495675698558713, 0.10225289046292882, 0.722790352551484]","[0.2610548187115638, 0.5155789124538079, 0.2233662688346283]",1.0
26,2,2,0,2,2,3,"[0.03593867258739449, 0.8465100334211515, 0.117551293991454]","[0.18671682600950787, 0.11848234369359824, 0.6948008302968939]",1.0
26,2,2,1,1,10,3,"[0.15456734807930958, 0.20989797654018041, 0.63553467538051]","[0.2725246297238727, 0.17938527767620394, 0.5480900925999234]",1.0
26,2,2,2,2,6,3,"[0.17495675698558713, 0.10225289046292882, 0.722790352551484]","[0.2610548187115638, 0.5155789124538079, 0.2233662688346283]",1.0
27,0,0,0,0,10,3,"[0.20001207267988722, 0.26159288055949376, 0.538395046760619]","[0.12506917511138074, 0.1284334041275483, 0.746497420761071]",1.0
27,0,0,1,2,6,3,"[0.7214920595523782, 0.14251149706089977, 0.13599644338672207]","[0.2203065020372724, 0.10667360126646067, 0.6730198966962669]",1.0
27,0,0,2,2,2,3,"[0.49877960534532606, 0.10460899122193544, 0.39661140343273854]","[0.36884515987068245, 0.15660639997750658, 0.47454844015181097]",1.0
27,1,0,0,1,10,3,"[0.20001207267988722, 0.26159288055949376, 0.538395046760619]","[0.12506917511138074, 0.1284334041275483, 0.746497420761071]",1.0
27,1,0,1,2,6,3,"[0.14251149706089977, 0.7214920595523782, 0.13599644338672207]","[0.2203065020372724, 0.10667360126646067, 0.6730198966962669]",1.0
27,1,0,2,2,2,3,"[0.10460899122193544, 0.49877960534532606, 0.39661140343273854]","[0.36884515987068245, 0.15660639997750658, 0.47454844015181097]",1.0
27,2,0,0,2,10,3,"[0.20001207267988722, 0.26159288055949376, 0.538395046760619]","[0.12506917511138074, 0.1284334041275483, 0.746497420761071]",0.0
27,2,0,1,2,6,3,"[0.14251149706089977, 0.13599644338672207, 0.7214920595523782]","[0.2203065020372724, 0.10667360126646067, 0.6730198966962669]",0.0
27,2,0,2,2,2,3,"[0.10460899122193544, 0.39661140343273854, 0.49877960534532606]","[0.36884515987068245, 0.15660639997750658, 0.47454844015181097]",0.0
28,0,1,0,1,6,3,"[0.6659022252934551, 0.161358779062678, 0.1727389956438669]","[0.1498039818590808, 0.06660918362600335, 0.7835868345149158]",2.0
28,0,1,1,0,10,3,"[0.05516170103480064, 0.8068373318128066, 0.13800096715239277]","[0.12311674567020177, 0.03188041159873193, 0.8450028427310663]",2.0
28,0,1,2,2,2,3,"[0.35301057893419835, 0.4852910505802629, 0.16169837048553876]","[0.6169686175741029, 0.19593634233883356, 0.1870950400870635]",2.0
28,1,1,0,1,6,3,"[0.161358779062678, 0.6659022252934551, 0.1727389956438669]","[0.1498039818590808, 0.06660918362600335, 0.7835868345149158]",1.0
28,1,1,1,1,10,3,"[0.05516170103480064, 0.8068373318128066, 0.13800096715239277]","[0.12311674567020177, 0.03188041159873193, 0.8450028427310663]",1.0
28,1,1,2,2,2,3,"[0.35301057893419835, 0.4852910505802629, 0.16169837048553876]","[0.19593634233883356, 0.6169686175741029, 0.1870950400870635]",1.0
28,2,1,0,1,6,3,"[0.161358779062678, 0.1727389956438669, 0.6659022252934551]","[0.1498039818590808, 0.06660918362600335, 0.7835868345149158]",1.0
28,2,1,1,2,10,3,"[0.05516170103480064, 0.8068373318128066, 0.13800096715239277]","[0.12311674567020177, 0.03188041159873193, 0.8450028427310663]",1.0
28,2,1,2,2,2,3,"[0.35301057893419835, 0.4852910505802629, 0.16169837048553876]","[0.19593634233883356, 0.1870950400870635, 0.6169686175741029]",1.0
29,0,2,0,0,10,3,"[0.22818894887397487, 0.11469948593431482, 0.6571115651917103]","[0.7808347160246148, 0.04484447746440446, 0.1743208065109807]",0.0
29,0,2,1,2,2,3,"[0.48374358489092223, 0.35384243944111515, 0.16241397566796267]","[0.7387007755973116, 0.14178459253014794, 0.11951463187254044]",0.0
29,0,2,2,0,6,3,"[0.614750162725056, 0.2746077658827005, 0.1106420713922435]","[0.36788157619547285, 0.17507508377652575, 0.45704334002800134]",0.0
29,1,2,0,0,10,3,"[0.22818894887397487, 0.11469948593431482, 0.6571115651917103]","[0.04484447746440446, 0.7808347160246148, 0.1743208065109807]",2.0
29,1,2,1,2,2,3,"[0.48374358489092223, 0.35384243944111515, 0.16241397566796267]","[0.14178459253014794, 0.7387007755973116, 0.11951463187254044]",2.0
29,1,2,2,1,6,3,"[0.614750162725056, 0.2746077658827005, 0.1106420713922435]","[0.36788157619547285, 0.17507508377652575, 0.45704334002800134]",2.0
29,2,2,0,0,10,3,"[0.22818894887397487, 0.11469948593431482, 0.6571115651917103]","[0.04484447746440446, 0.1743208065109807, 0.7808347160246148]",1.0
29,2,2,1,2,2,3,"[0.48374358489092223, 0.35384243944111515, 0.16241397566796267]","[0.14178459253014794, 0.11951463187254044, 0.7387007755973116]",1.0
29,2,2,2,2,6,3,"[0.614750162725056, 0.2746077658827005, 0.1106420713922435]","[0.36788157619547285, 0.17507508377652575, 0.45704334002800134]",1.0
